Project,sha,class_,method,Found
orbit,0028c5318b6acbc2ccaf1544b2a53a9006eb99f1,com.ea.orbit.actors.test.ExceptionalTest,checkingTheException,1
orbit,010a82028fc11531790c818e2bb49b012ba1fd1e,com.ea.orbit.actors.test.DeactivationTest,statelessWorkerDeactivationTest,1
orbit,032e6b12a55064f65b69d025a558ea6888e23374,com.ea.orbit.actors.test.StatelessActorTest,statelessTest,1
orbit,089c74058533f6a324de9321c738f043327606c4,com.ea.orbit.actors.test.ExceptionalTest,checkingTheException,1
orbit,0d5926bbf530ef22794c6e94be6836373eac603c,com.ea.orbit.actors.test.LifeCycleTest,deactivationTest,1
orbit,0d5926bbf530ef22794c6e94be6836373eac603c,com.ea.orbit.actors.test.StatelessActorTest,statelessTest,1
orbit,0f2391985abd324e585cf040e6c3005619b76757,com.ea.orbit.actors.test.StatelessActorTest,statelessTest,1
orbit,0f6ab88b30b7e404cd7baae41e6841933b7e6e0c,com.ea.orbit.actors.test.LifeCycleTest,deactivationTest,1
orbit,0f6ab88b30b7e404cd7baae41e6841933b7e6e0c,com.ea.orbit.actors.test.StatelessActorTest,statelessTest,1
orbit,1154afe6270f5fd145a28601b8a9d79906a8ce53,com.ea.orbit.actors.test.LifeCycleTest,deactivationTest,1
orbit,1154afe6270f5fd145a28601b8a9d79906a8ce53,com.ea.orbit.actors.test.StatelessActorTest,statelessTest,1
orbit,142b5f22d0dff575980b36acff0077dcb8c57d79,com.ea.orbit.actors.test.StatelessActorTest,statelessTest,1
orbit,15b4f2b2465e40dbc0548123cb2a2dd91b2c2184,com.ea.orbit.actors.test.StatelessActorTest,statelessTest,1
orbit,2002a7a8ccbf653c26e0d4da90379ecc411ddae6,com.ea.orbit.actors.test.DeactivationTest,statelessWorkerDeactivationTest,1
orbit,2002a7a8ccbf653c26e0d4da90379ecc411ddae6,com.ea.orbit.actors.test.StatelessActorTest,statelessTest,1
orbit,21b565e5145f1f8da4c199be07bbb002d447b1cf,com.ea.orbit.actors.test.DeactivationTest,statelessWorkerDeactivationTest,1
orbit,22618b4236364f0e669b0979aeb7ed7604a81009,com.ea.orbit.actors.test.LifeCycleTest,deactivationTest,1
orbit,25dba397d083027772577e691dcf934607d637d9,com.ea.orbit.actors.test.StatelessActorTest,statelessTest,1
orbit,2617b243a686aa5264fb69903f4fe39237da24d7,com.ea.orbit.actors.test.StatelessActorTest,statelessTest,1
orbit,286fdf82f82b86e81ae870937177d3b11283cd5f,com.ea.orbit.actors.test.LifeCycleTest,deactivationTest,1
orbit,28c6a900df41b829536db03821bbd904d976bae2,com.ea.orbit.actors.test.StatelessActorTest,statelessTest,1
orbit,2d4fd5db6787a3303251ad89c65ba053bfb8df00,com.ea.orbit.actors.test.StatelessActorTest,statelessTest,1
orbit,2e63350f7a65e420a7c319e35048a5fd31e70fce,com.ea.orbit.actors.test.ReminderTest,persistedTimerTest,1
orbit,2f05a80a7eccdbc692c3cf50918d4ae89dbc8f3c,com.ea.orbit.actors.test.LifeCycleTest,deactivationTest,1
orbit,33d6dfda788e1352ce8f643c4446b123699a88e3,com.ea.orbit.actors.test.ExceptionalTest,checkingTheException,1
orbit,366aad125b22d2e61ef5c48a1d03fb9693f9c166,com.ea.orbit.actors.test.ExceptionalTest,checkingTheException,1
orbit,3765e6e8dfcc21479891150c10381604ab800fc3,com.ea.orbit.actors.test.StatelessActorTest,statelessTest,1
orbit,378fa8da27f90f80ed21de06fc54e4402ef25800,com.ea.orbit.actors.test.TimerTest,timerTest,1
orbit,39ee659f757ff3a84b852074363970aab9ef90b1,com.ea.orbit.actors.test.StatelessActorTest,statelessTest,1
orbit,402246d719b70f90a0b43a3416bcb68e39716536,com.ea.orbit.actors.test.ExceptionalTest,checkingTheException,1
orbit,48f234984e8b0b63f2ed74a183e46660570a941b,com.ea.orbit.actors.test.ObserverTest,observerGarbageCollection,1
orbit,521858dc319e754ad541b78df30fad76a65b36c1,com.ea.orbit.actors.test.ExceptionalTest,checkingTheException,1
orbit,566522828de90274b4b6b54a0b81eade0b01f71c,com.ea.orbit.actors.test.ExceptionalTest,checkingTheException,1
orbit,585a961303ba1eaaadc09711a8680afcd1e0365f,com.ea.orbit.actors.test.ReminderTest,persistedTimerTest,1
orbit,5f9d26b9bb2e67aac30707b560e71392c73cbd4c,com.ea.orbit.actors.test.StatelessActorTest,statelessTest,1
orbit,5fc066777091eb8a6bc35e75f068a5e68b46197b,com.ea.orbit.actors.test.ReminderTest,persistedTimerTest,1
orbit,696ae2ee35ed91618b641ef28868b44be115fd12,com.ea.orbit.actors.test.LifeCycleTest,deactivationTest,1
orbit,71b9ed34a4f81f9f051cc58c44fad7ad08313e67,com.ea.orbit.actors.test.ExceptionalTest,checkingTheException,1
orbit,71b9ed34a4f81f9f051cc58c44fad7ad08313e67,com.ea.orbit.actors.test.StatelessActorTest,statelessTest,1
orbit,7206cb3d0d351a70c4e9a82c62298365d78eb195,com.ea.orbit.actors.test.DeactivationTest,cleanupTest,1
orbit,736f8d4c3b30d2e51f0675ae2deabcf6223ac7c3,com.ea.orbit.actors.test.StatelessActorTest,statelessTest,1
orbit,7473f5b70e94d44fbc253aa1cecb7b5d76b25684,com.ea.orbit.actors.test.StatelessActorTest,statelessTest,1
orbit,74da0256464bca18815488a212c5f48ef720a645,com.ea.orbit.actors.test.StatelessActorTest,statelessTest,1
orbit,750e5054474fc506a01547499e032a949176c167,com.ea.orbit.actors.test.LifeCycleTest,deactivationTest,1
orbit,78137aefbcf059b0ea9c35f27a9909134a15a41d,com.ea.orbit.actors.test.LifeCycleTest,deactivationTest,1
orbit,7feb4765fb83b4c9c5ad463ae051a32c23bc2c5a,com.ea.orbit.actors.test.DeactivationTest,statelessWorkerDeactivationTest,1
orbit,81278116ce3570a63624896d4501f730e40629b5,com.ea.orbit.actors.test.DeactivationTest,statelessWorkerDeactivationTest,1
orbit,8cdc393e1effc8098e817ac5ca274909dd5eda20,com.ea.orbit.actors.test.StatelessActorTest,statelessTest,1
orbit,9298d6ab48c874c4b0491fac933a65c5bae4307c,com.ea.orbit.actors.test.StatelessActorTest,statelessTest,1
orbit,98882b891c7fd4003edb80535b974d3de04917c2,com.ea.orbit.actors.test.DeactivationTest,cleanupTest,1
orbit,98882b891c7fd4003edb80535b974d3de04917c2,com.ea.orbit.actors.test.ExceptionalTest,checkingTheException,1
orbit,9ba5d355bc43023ef5d9b86b5f749145adadef91,com.ea.orbit.actors.test.ExceptionalTest,checkingTheException,1
orbit,9d04e8a39e8cc66f3e0441adcddac0b883404059,com.ea.orbit.actors.test.DeactivationTest,cleanupTest,1
orbit,a5bbac0d73bae24cd7adfcaa499bc11edb0e2118,com.ea.orbit.actors.test.StatelessActorTest,statelessTest,1
orbit,a8f4d73f5900ee3b058854cd06b50a97259c8bab,com.ea.orbit.actors.test.ReminderTest,persistedTimerTest,1
orbit,b647f4d6a5dddb9febab0de7dbfa59be571f448d,com.ea.orbit.actors.test.StatelessActorTest,statelessTest,1
orbit,c5b183dbc097ea9ffd9a96d2d30f53869747e155,com.ea.orbit.actors.test.DeactivationTest,cleanupTest,1
orbit,c5b183dbc097ea9ffd9a96d2d30f53869747e155,com.ea.orbit.actors.test.ExceptionalTest,checkingTheException,1
orbit,c5b183dbc097ea9ffd9a96d2d30f53869747e155,com.ea.orbit.actors.test.ReminderTest,persistedTimerTest,1
orbit,c8ed5a1fac0661f052031cea3c6f7caba85cbe3b,com.ea.orbit.actors.test.StatelessActorTest,statelessTest,1
orbit,cc48c10cb543f88e917902f77434927ab8687ca2,com.ea.orbit.actors.test.ExceptionalTest,checkingTheException,1
orbit,cc48c10cb543f88e917902f77434927ab8687ca2,com.ea.orbit.actors.test.StatelessActorTest,statelessTest,1
orbit,ce27fdf08d4a4607bc100c3ae9b18dff601c91ca,com.ea.orbit.actors.test.StatelessActorTest,statelessTest,1
orbit,cf5ca6b63cfe6cfa00d7c722255deb2e5ac4b313,com.ea.orbit.actors.test.StatelessActorTest,statelessTest,1
orbit,d33fc03871319f347c6ddc3c97f1f7dcee811ea4,com.ea.orbit.actors.test.LifeCycleTest,deactivationTest,1
orbit,d3a27c33f35af93dbcbe33e5bb14fdbda2e3c353,com.ea.orbit.actors.test.StatelessActorTest,statelessTest,1
orbit,d3d3517408a10e4ac9c74d3c7c6a329efe309e3b,com.ea.orbit.actors.test.ExceptionalTest,checkingTheException,1
orbit,d5c807a91ccf1dc643b6f73eef94c119122cc1a0,com.ea.orbit.actors.test.StatelessActorTest,statelessTest,1
orbit,db7d827942b4391250eec97467d6746921d7ed9f,com.ea.orbit.actors.test.StatelessActorTest,statelessTest,1
orbit,de071ceefacbaf39700dd16dd711aa6790357695,com.ea.orbit.actors.test.LifeCycleTest,deactivationTest,1
orbit,de071ceefacbaf39700dd16dd711aa6790357695,com.ea.orbit.actors.test.StatelessActorTest,statelessTest,1
orbit,e10d7814dadb03f4c00e9ff4e333b64aaedb19fb,com.ea.orbit.actors.test.StatelessActorTest,statelessTest,1
orbit,e1de7661208629519e0c298fdaf3494860f014f1,com.ea.orbit.actors.test.ReminderTest,persistedTimerTest,1
orbit,e2896cccfa94c40f051bb1d0ad293e8d0702d5bb,com.ea.orbit.actors.test.DeactivationTest,cleanupTest,1
orbit,e33c492adf61759829918e359502e57c1d842fd2,com.ea.orbit.actors.test.StatelessActorTest,statelessTest,1
orbit,e59fca1b3f77322cf1c7938715e16e6dc0863a08,com.ea.orbit.actors.test.ExceptionalTest,checkingTheException,1
orbit,ea34b4e22141a75b91f3c9cf3716fd04ea281951,com.ea.orbit.actors.test.StatelessActorTest,statelessTest,1
orbit,f11aec6f3adb4ada55e9bbdc52e49d4abb83d170,com.ea.orbit.actors.test.DeactivationTest,cleanupTest,1
orbit,f47467aa4e63d79e339ff4f46838ce09386fd75a,com.ea.orbit.actors.test.StatelessActorTest,statelessTest,1
orbit,f7cd44c6e693ea3a60d173d5a90156b971d3965c,com.ea.orbit.actors.test.ExceptionalTest,checkingTheException,1
orbit,f7cd44c6e693ea3a60d173d5a90156b971d3965c,com.ea.orbit.actors.test.LifeCycleTest,deactivationTest,1
orbit,f7cd44c6e693ea3a60d173d5a90156b971d3965c,com.ea.orbit.actors.test.ReminderTest,persistedTimerTest,1
orbit,f9879ee0a0795d99bad4e9de0e080e2d61638828,com.ea.orbit.actors.test.StatelessActorTest,statelessTest,1
orbit,fa961d734c6800c5c9bbb6e6a0f50f626b89339b,com.ea.orbit.actors.test.LifeCycleTest,deactivationTest,1
orbit,fa961d734c6800c5c9bbb6e6a0f50f626b89339b,com.ea.orbit.actors.test.ObserverTest,observerGarbageCollection,1
